T_alpha;Delta_sum;Dt_on_avg
9;0.004428814006979339;3.3628078
8;0.005338287559265709;2.9279815
7;0.005503846611301053;2.5823854
6;0.007338099643753095;2.3266127
5;0.008857561850910288;2.0253347
4;0.009496331762395022;1.6962166